Keyword,Collection Name,Suburbs (comma separated),Categories (comma separated),Collection Description (up to 30 words),Paragraph1 Heading,Paragraph1 (50-100 words),Paragraph2 Heading,Paragraph 2 (100 - 150 words),Paragraph3 Heading,Paragraph 3 (100 - 150 words),Google Doc,Completion,Who?,Quality Checked
glenelg restaurants,Top XX Glenelg Restaurants,glenelg,Restaurants,"Along with the beaches and the coastal lifestyle of Glenelg, Glenelg restaurants offer the best dining opportunities, from the local food to intercontinental cuisines topped with wine and breathtaking views.",Treat Yourself To Australia's Best Dishes While Enjoying The Beautiful Coastal Views.,"Join us as we explore the best Glenelg restaurants that offer everything from breakfast to dinner and appetisers to desserts. Feel free to indulge in coffee, custom cakes, freshly baked pastries, local craft beers, and wines. Every meal tantalises your taste buds.

The social ambience only complements the scenic views and assorted meals offered by Glenelg restaurants. The atmosphere of most Glenelg restaurants provides the perfect setting for customers to enjoy good food with friends and family.",Visit Glenelg Restaurants For Coastal Views And A Refined Dining Experience,"Glenelg and other suburbs in the 5045 postcode are renowned for their beaches, stunning sunsets, bustling shops, scenic footpaths, independent cafes, and trendy restaurants. Glenelg's restaurants thrive in its coastal setting while offering some of the best Australian brunches, cocktails, seafood, and wine to enjoy while taking in the most scenic views and fresh air. 

Glenelg restaurants also offer an assortment of meals, including takeout Italian pizza, grilled food, vegetarian dishes and fine dining options. For fine dining in Glenelg, options include locally caught fish, authentic dishes, shellfish platters, and small plates, giving you several opportunities to explore. 

The alfresco dining experience offered by many restaurants in Glenelg is also worth mentioning. Situated near the coast, you can enjoy your meal in front of some of Glenelg's most breathtaking aquatic views.",Enjoy A Day At The Beach And Top Your Glenelg Experience With Good Wine,"Glenelg and other suburbs in the 5045 postcode have a wide selection of tempting treats for your sweet tooth, from chocolate hazelnut, carrot cake, and red velvet to brownies, macaroons and shortcakes.

Give yourself a wholesome Glenelg food and dining experience. Begin your day in some of the most outstanding cafes and delis in Glenelg that serve fresh juices, comforting cafe food, tasty sandwiches, coffee, and tea.

Crown your experience by trying out the best nightlife restaurants in Glenelg. Experiences vary, from dancing to a live band to exploring the beachfront at sunset. These restaurants fill their menus with an impressive range of beverages, pub meals, finger food, tapas, European dishes, Asian cuisine and fusion plates, enjoyed with a beer, wine or cocktail.",https://docs.google.com/document/d/1OHoR7U9abu2yReB6PSoO02a8kRaw-w61ftoCf75I6kI/edit?usp=sharing,05/07/2022,ME,08/07/22
