Title,Description,Short Content,Medium Content,Long Content
Events,"Discover all things automotive 
in your area with our handy Local 
Tales guide. From car dealers and
mechanics to service stations and 
parking areas, we want to help you 
find all of the assistance and help 
you need.","Discover all things automotive 
in your area with our handy Local 
Tales guide. From car dealers and
mechanics to service stations and 
parking areas, we want to help you 
find all of the assistance and help 
you need.","Discover all things automotive 
in your area with our handy Local 
Tales guide. From car dealers and
mechanics to service stations and 
parking areas, we want to help you 
find all of the assistance and help 
you need.","Discover all things automotive 
in your area with our handy Local 
Tales guide. From car dealers and
mechanics to service stations and 
parking areas, we want to help you 
find all of the assistance and help 
you need."
